PublicID,UTCTime,Latitude,LatitudeUncertainty,Longitude,LongitudeUncertainty,Depth,DepthUncertainty,PreferredMag,M,M_Uncertainty,M_StationCount,MLv,MLv_Uncertainty,MLv_StationCount,ML,ML_Uncertainty,ML_StationCount,Mw(mB),Mw(mB)_Uncertainty,Mw(mB)_StationCount,mB,mB_Uncertainty,mB_StationCount
2025p819939,2025-10-31T09:03:58Z,-38.14,3.8,176.47,4.6,5.0,0.0,MLv,1.7,nan,7,1.7,0.3,7,1.6,0.4,8,,,,,,
2025p819940,2025-10-31T09:04:36Z,-38.14,4.0,176.47,3.7,5.0,0.0,MLv,1.9,nan,6,1.9,0.4,6,1.7,0.3,9,,,,,,
2025p819950,2025-10-31T09:11:02Z,-38.14,3.1,176.48,3.0,5.0,0.0,MLv,2.0,nan,9,2.0,0.3,7,1.8,0.2,13,,,,,,
2025p819966,2025-10-31T09:18:01Z,-37.66,8.3,177.11,3.3,5.0,0.0,ML,1.8,nan,1,1.8,nan,1,1.8,nan,1,,,,,,
2025p819985,2025-10-31T09:28:25Z,-42.19,2.4,173.58,3.0,12.0,0.0,MLv,2.6,nan,9,2.6,0.2,9,2.5,0.2,13,,,,,,
2025p820032,2025-10-31T09:53:04Z,-40.28,2.8,176.49,2.5,14.0,5.0,MLv,1.8,nan,9,1.8,0.1,9,1.9,0.2,12,,,,,,
2025p820047,2025-10-31T10:01:30Z,-40.25,3.6,176.06,5.3,41.0,10.0,MLv,1.5,nan,5,1.5,0.4,5,1.4,0.2,8,,,,,,
2025p820121,2025-10-31T10:40:31Z,-38.36,6.0,177.18,4.7,34.0,8.0,MLv,1.5,nan,3,1.5,0.3,3,1.5,0.2,8,,,,,,
2025p820123,2025-10-31T10:41:46Z,-41.6,2.7,174.3,2.9,5.0,0.0,MLv,1.9,nan,4,1.9,0.2,4,1.9,0.2,11,,,,,,
2025p820151,2025-10-31T10:56:50Z,-44.46,4.3,168.21,4.3,5.0,0.0,MLv,,,,2.3,0.7,3,2.3,0.2,9,,,,,,
2025p820158,2025-10-31T11:00:19Z,-38.0,3.2,176.77,2.7,5.0,0.0,MLv,1.9,nan,6,1.9,0.3,6,1.7,0.3,9,,,,,,
2025p820198,2025-10-31T11:21:33Z,-41.84,4.5,174.34,4.2,22.0,6.0,MLv,2.0,nan,4,2.0,0.3,4,2.0,0.2,11,,,,,,
2025p820294,2025-10-31T12:13:00Z,-36.7,14.8,177.86,18.6,155.0,18.0,MLv,2.6,nan,2,2.6,0.0,2,,,,,,,,,
2025p820306,2025-10-31T12:19:34Z,-38.95,6.9,176.28,6.1,74.0,11.0,MLv,1.8,nan,10,1.8,0.4,8,1.8,0.3,16,,,,,,
2025p820343,2025-10-31T12:38:56Z,-38.5,4.6,177.61,4.0,49.0,9.0,MLv,1.5,nan,6,1.5,0.3,6,,,,,,,,,
2025p820370,2025-10-31T12:53:28Z,-39.79,2.5,176.79,4.3,32.0,7.0,MLv,1.6,nan,6,1.6,0.2,6,1.7,0.2,10,,,,,,
2025p820414,2025-10-31T13:16:46Z,-39.79,3.0,176.78,3.9,34.0,7.0,MLv,1.2,nan,2,1.2,0.6,2,1.4,0.3,9,,,,,,
2025p820471,2025-10-31T13:47:35Z,-40.86,3.7,175.59,3.8,23.0,9.0,MLv,0.5,nan,2,0.4,nan,1,0.8,0.3,4,,,,,,
2025p820494,2025-10-31T13:59:39Z,-38.45,15.2,175.71,9.6,150.0,16.0,MLv,1.8,nan,2,1.8,0.2,2,,,,,,,,,
2025p820498,2025-10-31T14:01:26Z,-42.96,2.9,171.36,2.7,5.0,0.0,MLv,1.9,nan,4,1.9,0.1,4,1.9,0.1,9,,,,,,
2025p820512,2025-10-31T14:09:10Z,-39.27,4.3,175.14,3.3,18.0,7.0,MLv,1.5,nan,4,1.5,0.4,4,1.7,0.2,11,,,,,,
2025p820547,2025-10-31T14:27:30Z,-38.38,7.9,175.8,6.3,157.0,10.0,MLv,2.2,nan,7,2.2,0.2,7,,,,,,,,,
2025p820610,2025-10-31T15:01:19Z,-38.14,4.5,176.48,3.1,5.0,0.0,MLv,1.6,nan,8,1.6,0.3,8,1.6,0.3,10,,,,,,
2025p820630,2025-10-31T15:11:43Z,-39.35,7.8,174.47,5.7,135.0,7.0,MLv,3.1,nan,40,3.1,0.2,40,,,,,,,,,
2025p820636,2025-10-31T15:14:58Z,-36.95,21.5,176.74,17.9,230.0,19.0,MLv,2.7,nan,2,2.7,0.1,2,3.2,nan,1,,,,,,
2025p820638,2025-10-31T15:16:04Z,-38.05,2.6,175.84,2.1,5.0,0.0,MLv,,,,2.8,0.2,29,2.8,0.2,16,,,,,,
2025p820641,2025-10-31T15:17:36Z,-39.82,2.2,176.68,3.2,18.0,5.0,MLv,1.6,nan,6,1.6,0.2,3,1.8,0.2,12,,,,,,
2025p820678,2025-10-31T15:37:44Z,-38.05,3.6,175.83,3.1,5.0,0.0,MLv,1.9,nan,5,1.9,0.2,5,,,,,,,,,
2025p820718,2025-10-31T15:58:58Z,-35.78,20.8,178.2,17.1,177.0,23.0,MLv,3.9,nan,30,3.9,0.3,30,3.3,0.4,7,,,,,,
2025p820765,2025-10-31T16:23:47Z,-39.16,2.9,175.43,3.7,6.0,7.0,MLv,0.6,nan,2,0.6,0.2,2,,,,,,,,,
2025p820853,2025-10-31T17:10:39Z,-40.19,4.2,174.45,4.6,5.0,0.0,MLv,2.3,nan,1,2.3,nan,1,2.2,0.4,6,,,,,,
2025p820879,2025-10-31T17:24:29Z,-37.07,39.4,178.59,20.1,2.0,19.0,MLv,2.4,nan,8,2.4,0.1,8,2.3,0.1,8,,,,,,
2025p820922,2025-10-31T17:47:23Z,-39.87,2.2,176.57,2.4,19.0,5.0,MLv,1.8,nan,8,1.8,0.3,8,1.8,0.3,11,,,,,,
2025p821031,2025-10-31T18:45:37Z,-38.87,4.4,178.09,5.6,22.0,5.0,MLv,2.5,nan,19,2.5,0.2,19,2.6,0.3,14,,,,,,
2025p821047,2025-10-31T18:54:12Z,-39.47,7.2,174.56,11.3,180.0,11.0,MLv,1.9,nan,7,1.9,0.2,7,,,,,,,,,
2025p821101,2025-10-31T19:22:50Z,-37.73,16.6,179.74,14.0,20.0,30.0,M,2.7,nan,7,2.7,0.1,7,2.6,0.2,6,,,,,,
2025p821111,2025-10-31T19:29:07Z,-39.11,4.4,177.55,3.7,24.0,5.0,MLv,1.9,nan,5,1.9,0.2,5,1.8,0.2,13,,,,,,
2025p821173,2025-10-31T20:01:11Z,-42.19,3.0,173.56,4.5,9.0,7.0,MLv,1.9,nan,3,1.9,0.3,3,1.9,0.1,7,,,,,,
2025p821181,2025-10-31T20:05:31Z,-41.23,2.2,175.36,1.9,15.0,5.0,MLv,2.0,nan,15,2.0,0.2,15,2.1,0.2,13,,,,,,
2025p821206,2025-10-31T20:18:32Z,-39.21,4.1,174.89,1.8,19.0,7.0,MLv,2.4,nan,30,2.4,0.2,30,2.5,0.2,15,,,,,,
2025p821244,2025-10-31T20:38:50Z,-38.85,3.8,178.09,4.3,21.0,4.0,MLv,2.4,nan,12,2.4,0.2,12,2.3,0.3,18,,,,,,
2025p821322,2025-10-31T21:20:44Z,-40.92,2.7,175.43,2.7,20.0,6.0,MLv,1.2,nan,8,1.2,0.2,8,1.3,0.3,9,,,,,,
2025p821527,2025-10-31T23:10:05Z,-41.23,2.6,175.36,4.1,13.0,8.0,MLv,1.0,nan,6,1.0,0.3,6,1.2,0.3,7,,,,,,
2025p821539,2025-10-31T23:16:06Z,-41.23,2.4,175.36,3.1,13.0,8.0,MLv,0.9,nan,4,0.9,0.2,4,1.1,0.3,8,,,,,,
2025p821542,2025-10-31T23:18:02Z,-43.68,2.5,171.03,3.1,5.0,0.0,MLv,1.4,nan,7,1.4,0.4,7,1.6,0.5,9,,,,,,
2025p821581,2025-10-31T23:38:27Z,-40.92,2.9,175.44,2.7,21.0,6.0,MLv,1.1,nan,7,1.1,0.1,7,1.1,0.3,9,,,,,,
2025p821636,2025-11-01T00:08:04Z,-38.48,1.7,176.85,1.6,5.0,0.0,MLv,,,,3.0,0.2,71,3.2,0.3,29,,,,,,
2025p821646,2025-11-01T00:13:00Z,-38.48,2.2,176.84,1.9,4.0,3.0,MLv,,,,2.2,0.2,12,2.3,0.2,13,,,,,,
2025p821711,2025-11-01T00:47:37Z,-42.61,1.9,171.95,1.5,5.0,0.0,MLv,,,,4.8,0.2,108,4.5,0.2,17,,,,,,
2025p821719,2025-11-01T00:51:54Z,-42.61,2.2,171.95,2.4,5.0,0.0,MLv,2.7,nan,23,2.7,0.2,23,2.5,0.2,17,,,,,,
2025p821726,2025-11-01T00:55:41Z,-42.61,3.1,171.99,3.2,5.0,3.0,MLv,1.9,nan,3,1.9,0.2,3,2.1,0.2,7,,,,,,
2025p821752,2025-11-01T01:09:45Z,-42.62,2.0,171.95,1.7,5.0,0.0,MLv,,,,3.4,0.1,37,3.2,0.2,18,,,,,,
2025p821830,2025-11-01T01:51:27Z,-40.65,5.1,173.59,4.6,79.0,10.0,MLv,2.2,nan,6,2.1,nan,1,2.3,0.3,17,,,,,,
2025p821883,2025-11-01T02:19:29Z,-38.15,18.9,175.3,19.6,70.0,79.0,MLv,2.0,nan,1,2.0,nan,1,2.2,0.1,6,,,,,,
2025p821895,2025-11-01T02:26:09Z,-42.62,4.0,171.97,2.9,5.0,0.0,MLv,1.7,nan,6,1.7,0.3,6,1.8,0.3,6,,,,,,
2025p821901,2025-11-01T02:29:00Z,-35.89,12.7,178.23,13.9,169.0,17.0,MLv,3.3,nan,9,3.3,0.1,9,3.2,0.3,10,,,,,,
2025p821982,2025-11-01T03:12:18Z,-38.05,8.0,176.7,15.0,166.0,12.0,MLv,1.6,nan,2,1.6,0.0,2,,,,,,,,,
2025p822048,2025-11-01T03:47:12Z,-40.16,3.0,175.17,3.6,23.0,4.0,MLv,2.5,nan,31,2.5,0.1,31,2.6,0.2,14,,,,,,
2025p822079,2025-11-01T04:03:41Z,-42.62,2.7,171.96,2.5,5.0,0.0,MLv,2.4,nan,7,2.4,0.3,7,2.3,0.1,15,,,,,,
2025p822107,2025-11-01T04:18:47Z,-39.83,5.1,176.56,7.3,36.0,14.0,MLv,0.9,nan,3,0.9,0.2,3,1.3,0.3,7,,,,,,
2025p822200,2025-11-01T05:08:43Z,-38.72,7.3,175.94,5.7,85.0,12.0,MLv,2.0,nan,15,2.0,0.3,15,1.6,0.1,3,,,,,,
2025p822203,2025-11-01T05:09:54Z,-38.91,6.3,175.35,8.0,199.0,7.0,MLv,1.8,nan,7,1.4,0.4,2,1.3,0.2,6,,,,,,
2025p822241,2025-11-01T05:30:23Z,-39.77,5.0,176.76,5.6,38.0,8.0,MLv,1.2,nan,3,1.2,0.4,3,1.6,0.3,7,,,,,,
2025p822260,2025-11-01T05:40:20Z,-37.66,5.7,176.53,5.7,141.0,10.0,MLv,2.4,nan,10,2.4,0.4,10,,,,,,,,,
2025p822266,2025-11-01T05:43:46Z,-38.63,3.9,175.26,3.5,12.0,0.0,MLv,,,,2.4,0.2,20,2.4,0.1,18,,,,,,
2025p822277,2025-11-01T05:49:50Z,-39.23,3.4,175.35,5.3,17.0,7.0,MLv,1.0,nan,7,1.1,nan,1,0.9,0.2,12,,,,,,
2025p822304,2025-11-01T06:03:32Z,-37.06,10.0,177.16,10.3,139.0,11.0,MLv,2.4,nan,4,2.4,0.3,4,2.3,0.2,7,,,,,,
2025p822317,2025-11-01T06:09:52Z,-33.43,19.0,179.75,63.7,300.0,0.0,Mw(mB),3.4,nan,7,3.7,0.3,2,3.7,0.2,2,3.1,0.4,7,4.0,0.2,7
2025p822395,2025-11-01T06:51:57Z,-36.53,17.1,177.63,17.8,224.0,13.0,MLv,3.3,nan,10,3.3,0.3,10,3.1,0.3,6,,,,,,
2025p822463,2025-11-01T07:28:30Z,-42.62,4.0,171.96,2.6,4.0,3.0,MLv,1.9,nan,3,1.9,0.1,3,2.1,0.2,10,,,,,,
2025p822477,2025-11-01T07:35:52Z,-43.7,3.5,169.99,2.8,5.0,0.0,MLv,1.3,nan,4,1.3,0.4,4,1.9,0.3,12,,,,,,
2025p822512,2025-11-01T07:54:51Z,-37.83,2.8,177.04,1.9,5.0,0.0,MLv,,,,2.7,0.2,22,2.7,0.3,25,,,,,,
2025p822577,2025-11-01T08:29:10Z,-40.45,2.9,175.9,3.0,36.0,5.0,MLv,,,,1.8,0.2,12,1.7,0.3,12,,,,,,
2025p822609,2025-11-01T08:46:20Z,-39.27,3.2,175.08,1.8,19.0,3.0,MLv,2.7,nan,41,2.7,0.2,41,2.6,0.3,28,,,,,,
2025p822633,2025-11-01T08:58:54Z,-36.76,24.4,176.94,25.1,233.0,28.0,MLv,2.5,nan,6,2.5,0.2,6,2.4,0.2,7,,,,,,
2025p822639,2025-11-01T09:02:29Z,-39.3,6.0,175.08,3.1,19.0,7.0,MLv,1.2,nan,4,1.2,0.4,4,1.5,0.2,16,,,,,,
2025p822647,2025-11-01T09:06:47Z,-39.97,15.6,173.14,12.4,5.0,0.0,MLv,2.4,nan,1,2.4,nan,1,2.1,0.2,6,,,,,,
2025p822670,2025-11-01T09:18:53Z,-39.49,4.5,175.71,3.3,10.0,7.0,MLv,0.7,nan,4,0.7,0.2,4,1.0,0.3,12,,,,,,
2025p822691,2025-11-01T09:28:46Z,-34.65,33.3,178.25,31.5,500.0,0.0,M,3.8,nan,1,3.8,nan,1,,,,,,,,,
2025p822711,2025-11-01T09:40:36Z,-38.17,8.6,178.83,11.7,29.0,11.0,MLv,2.4,nan,9,2.4,0.2,9,2.3,0.3,8,,,,,,
2025p822769,2025-11-01T10:11:28Z,-41.47,4.5,174.47,3.1,13.0,9.0,MLv,1.8,nan,4,1.8,0.3,4,1.6,0.3,9,,,,,,
2025p822798,2025-11-01T10:26:47Z,-43.46,2.0,172.12,2.2,7.0,6.0,MLv,2.4,nan,7,2.4,0.2,7,2.2,0.3,7,,,,,,
2025p822850,2025-11-01T10:54:42Z,-39.57,7.5,174.74,8.2,88.0,10.0,MLv,2.0,nan,7,2.0,0.2,7,,,,,,,,,
2025p822872,2025-11-01T11:06:17Z,-36.53,7.2,177.17,3.7,5.0,0.0,MLv,3.0,nan,7,3.0,0.2,7,2.7,0.3,11,,,,,,
2025p822921,2025-11-01T11:32:25Z,-38.4,4.7,178.59,7.4,29.0,6.0,MLv,2.5,nan,7,2.5,0.2,7,2.3,0.2,11,,,,,,
2025p822928,2025-11-01T11:36:33Z,-40.89,7.0,174.42,3.4,53.0,9.0,MLv,1.5,nan,4,1.5,0.2,4,1.8,0.3,11,,,,,,
2025p822964,2025-11-01T11:55:33Z,-38.63,2.2,175.27,2.0,5.0,0.0,MLv,3.3,nan,79,3.3,0.2,79,3.6,0.2,18,,,,,,
2025p822978,2025-11-01T12:03:09Z,-43.71,3.2,170.14,2.4,4.0,3.0,MLv,1.4,nan,1,1.4,nan,1,1.7,0.2,8,,,,,,
2025p823003,2025-11-01T12:16:24Z,-40.14,4.5,175.16,5.7,27.0,6.0,MLv,2.0,nan,2,2.0,0.1,2,1.7,0.2,8,,,,,,
2025p823006,2025-11-01T12:18:04Z,-37.56,12.5,176.5,12.0,216.0,11.0,MLv,2.3,nan,5,2.3,0.1,5,,,,,,,,,
2025p823073,2025-11-01T12:53:14Z,-35.06,15.3,-179.09,13.4,33.0,0.0,MLv,3.7,nan,7,3.7,0.1,7,4.3,0.1,11,,,,,,
2025p823075,2025-11-01T12:54:05Z,-35.19,6.5,-178.99,8.8,33.0,0.0,MLv,4.4,nan,20,4.4,0.1,20,4.1,0.2,19,,,,,,
2025p823100,2025-11-01T13:07:31Z,-35.09,26.0,179.3,26.7,217.0,33.0,MLv,3.2,nan,7,3.2,0.2,7,,,,,,,,,
2025p823122,2025-11-01T13:19:16Z,-38.13,17.9,175.55,15.7,234.0,17.0,MLv,1.9,nan,3,1.9,0.1,3,,,,,,,,,
2025p823170,2025-11-01T13:44:59Z,-40.08,2.6,176.52,3.3,38.0,5.0,MLv,1.9,nan,12,1.9,0.2,12,,,,,,,,,
2025p823195,2025-11-01T13:58:32Z,-39.19,4.6,177.48,4.7,18.0,5.0,MLv,1.5,nan,6,1.5,0.2,6,,,,,,,,,
2025p823266,2025-11-01T14:35:38Z,-35.02,10.0,-178.86,15.0,100.0,0.0,MLv,3.7,nan,7,3.7,0.1,7,,,,,,,,,
2025p823273,2025-11-01T14:40:03Z,-40.25,2.5,174.64,4.4,28.0,6.0,MLv,1.9,nan,6,1.9,0.1,6,,,,,,,,,
2025p823298,2025-11-01T14:53:30Z,-39.79,3.4,174.39,4.2,103.0,8.0,MLv,1.9,nan,5,1.9,0.3,5,,,,,,,,,
2025p823323,2025-11-01T15:06:47Z,-42.28,3.0,172.86,5.4,32.0,10.0,M,2.3,nan,1,2.3,nan,1,,,,,,,,,
2025p823346,2025-11-01T15:18:54Z,-41.35,2.8,174.98,1.8,9.0,4.0,MLv,,,,1.5,0.2,8,1.4,0.2,12,,,,,,
2025p823350,2025-11-01T15:21:14Z,-41.11,2.0,175.43,2.5,6.0,6.0,MLv,1.2,nan,2,1.2,0.4,2,1.2,0.1,9,,,,,,
2025p823362,2025-11-01T15:28:19Z,-38.47,3.3,176.83,2.5,4.0,3.0,MLv,1.5,nan,3,1.5,0.6,3,1.3,0.2,6,,,,,,
2025p823563,2025-11-01T17:14:43Z,-41.71,4.3,173.01,4.6,55.0,7.0,MLv,2.1,nan,4,2.1,0.5,4,2.3,0.3,12,,,,,,
2025p823614,2025-11-01T17:41:42Z,-39.98,4.9,176.36,5.4,42.0,10.0,MLv,1.4,nan,7,1.4,0.2,7,1.5,0.3,8,,,,,,
2025p823669,2025-11-01T18:11:00Z,-40.43,2.3,176.28,2.7,20.0,3.0,MLv,,,,1.6,0.2,10,1.6,0.1,13,,,,,,
2025p823688,2025-11-01T18:21:28Z,-45.21,4.3,167.37,5.5,82.0,9.0,MLv,2.6,nan,7,2.6,0.2,7,2.6,0.1,10,,,,,,
2025p823763,2025-11-01T19:01:05Z,-42.72,2.7,171.67,2.6,5.0,0.0,MLv,1.5,nan,5,1.5,0.2,5,1.7,0.4,6,,,,,,
2025p823866,2025-11-01T19:56:16Z,-39.78,2.6,176.56,3.6,23.0,7.0,MLv,1.2,nan,6,1.2,0.2,6,1.4,0.3,9,,,,,,
2025p823884,2025-11-01T20:05:46Z,-38.36,3.4,177.18,3.0,32.0,5.0,MLv,,,,2.4,0.2,25,2.4,0.3,21,,,,,,
2025p824030,2025-11-01T21:23:36Z,-37.12,29.9,176.53,28.4,281.0,23.0,MLv,2.1,nan,6,2.1,0.3,4,,,,,,,,,
2025p824042,2025-11-01T21:29:42Z,-38.43,9.3,175.75,6.2,85.0,13.0,MLv,2.1,nan,8,2.1,0.2,8,1.9,0.1,6,,,,,,
2025p824148,2025-11-01T22:26:18Z,-38.55,11.2,175.64,12.8,150.0,13.0,MLv,1.8,nan,4,1.8,0.4,4,1.6,0.2,7,,,,,,
2025p824262,2025-11-01T23:26:52Z,-39.19,12.4,174.8,10.9,188.0,18.0,MLv,2.5,nan,6,2.5,0.1,6,,,,,,,,,
2025p824334,2025-11-02T00:05:44Z,-39.3,5.5,174.92,4.1,5.0,0.0,MLv,1.8,nan,9,1.8,0.2,9,1.8,0.2,13,,,,,,
2025p824388,2025-11-02T00:34:15Z,-40.83,4.2,176.12,6.2,24.0,10.0,MLv,1.3,nan,7,1.3,0.2,7,1.3,0.2,9,,,,,,
2025p824407,2025-11-02T00:44:24Z,-39.54,8.4,175.62,6.2,46.0,13.0,MLv,1.2,nan,7,1.2,0.3,7,1.3,0.4,11,,,,,,
2025p824449,2025-11-02T01:06:47Z,-38.37,7.0,176.39,4.7,5.0,7.0,MLv,1.2,nan,7,1.2,0.2,4,1.1,0.1,6,,,,,,
2025p824458,2025-11-02T01:11:30Z,-38.36,3.1,176.39,2.6,5.0,0.0,MLv,1.9,nan,8,1.9,0.3,5,1.8,0.2,9,,,,,,
2025p824461,2025-11-02T01:12:49Z,-38.35,2.8,176.39,2.7,5.0,0.0,MLv,2.0,nan,11,1.9,0.3,4,1.9,0.2,13,,,,,,
2025p824467,2025-11-02T01:16:26Z,-38.35,2.9,176.39,2.9,5.0,0.0,MLv,1.9,nan,9,1.9,0.3,7,1.7,0.2,11,,,,,,
2025p824680,2025-11-02T03:09:56Z,-38.61,8.6,175.46,7.6,154.0,10.0,MLv,2.4,nan,18,2.4,0.3,18,,,,,,,,,
2025p824775,2025-11-02T04:00:08Z,-39.58,2.8,176.91,3.0,21.0,4.0,MLv,2.0,nan,18,2.0,0.1,18,1.9,0.2,11,,,,,,
2025p824843,2025-11-02T04:36:20Z,-37.76,5.7,176.75,4.2,141.0,8.0,MLv,,,,2.9,0.3,31,2.3,0.3,6,,,,,,
2025p824937,2025-11-02T05:26:52Z,-45.07,5.9,167.54,7.0,57.0,11.0,MLv,2.0,nan,2,2.0,0.2,2,2.1,0.2,6,,,,,,
2025p824972,2025-11-02T05:45:22Z,-39.79,2.9,176.8,4.0,36.0,7.0,MLv,1.8,nan,10,1.8,0.2,10,1.8,0.2,13,,,,,,
2025p824999,2025-11-02T05:59:37Z,-39.26,5.9,175.39,4.3,17.0,8.0,MLv,0.6,nan,4,0.6,0.3,4,0.8,0.2,7,,,,,,
2025p825031,2025-11-02T06:16:50Z,-38.38,15.9,175.88,9.7,145.0,18.0,MLv,1.7,nan,4,1.7,0.2,4,1.7,0.2,7,,,,,,
2025p825102,2025-11-02T06:54:46Z,-41.69,3.8,174.34,3.4,10.0,6.0,MLv,1.8,nan,7,1.8,0.2,7,1.8,0.2,12,,,,,,
2025p825111,2025-11-02T06:59:26Z,-40.65,2.7,175.87,2.9,24.0,5.0,MLv,1.7,nan,13,1.7,0.1,13,1.7,0.2,12,,,,,,
2025p825178,2025-11-02T07:35:43Z,-39.47,5.5,175.69,4.4,14.0,9.0,MLv,0.9,nan,2,0.9,0.3,2,1.1,0.2,10,,,,,,
2025p825202,2025-11-02T07:47:56Z,-42.73,3.2,171.69,3.0,5.0,0.0,MLv,1.7,nan,7,1.7,0.4,7,1.8,0.4,8,,,,,,
2025p825207,2025-11-02T07:50:38Z,-41.67,2.9,174.18,4.3,7.0,6.0,MLv,1.3,nan,2,1.3,0.3,2,1.7,0.2,10,,,,,,
2025p825307,2025-11-02T08:43:20Z,-36.43,25.5,179.59,25.0,12.0,0.0,MLv,2.5,nan,5,2.5,0.2,5,2.5,0.2,9,,,,,,
2025p825383,2025-11-02T09:24:19Z,-39.23,4.5,174.88,1.8,16.0,5.0,MLv,1.6,nan,7,1.6,0.2,7,1.7,0.2,18,,,,,,
2025p825441,2025-11-02T09:55:01Z,-41.43,5.5,173.06,4.8,63.0,7.0,MLv,1.2,nan,5,1.2,0.3,5,1.7,0.3,10,,,,,,
2025p825445,2025-11-02T09:57:12Z,-40.76,3.4,172.74,3.1,5.0,0.0,MLv,1.8,nan,5,1.8,0.5,5,1.8,0.2,7,,,,,,
2025p825453,2025-11-02T10:01:24Z,-43.62,2.8,172.54,2.0,7.0,4.0,MLv,1.3,nan,4,1.3,0.5,4,1.8,0.2,9,,,,,,
2025p825529,2025-11-02T10:41:54Z,-40.1,2.9,175.43,3.3,36.0,5.0,MLv,2.1,nan,21,2.1,0.2,21,2.0,0.1,18,,,,,,
2025p825555,2025-11-02T10:56:07Z,-39.77,3.9,175.07,4.6,28.0,6.0,MLv,1.5,nan,5,1.5,0.2,5,1.6,0.3,12,,,,,,
2025p825583,2025-11-02T11:10:49Z,-38.04,8.9,176.38,11.9,132.0,14.0,MLv,1.8,nan,5,1.8,0.2,5,,,,,,,,,
2025p825639,2025-11-02T11:40:14Z,-34.17,9.1,179.73,15.8,100.0,0.0,Mw(mB),3.7,nan,14,4.0,0.1,11,4.0,nan,1,3.6,0.4,14,4.5,0.1,14
2025p825766,2025-11-02T12:48:15Z,-38.86,8.5,175.74,6.6,96.0,9.0,MLv,1.4,nan,12,1.4,0.3,12,,,,,,,,,
2025p825812,2025-11-02T13:12:55Z,-42.72,2.7,172.77,3.2,29.0,4.0,MLv,1.9,nan,8,1.9,0.3,8,1.9,0.1,9,,,,,,
2025p825885,2025-11-02T13:51:55Z,-36.79,8.2,177.97,7.2,12.0,0.0,MLv,2.3,nan,5,2.3,0.2,5,2.3,0.3,10,,,,,,
2025p825918,2025-11-02T14:09:09Z,-37.7,5.9,178.38,8.5,43.0,7.0,MLv,1.5,nan,5,1.5,0.4,5,1.6,0.4,8,,,,,,
2025p825962,2025-11-02T14:32:58Z,-40.17,1.9,174.45,3.0,12.0,0.0,MLv,,,,1.8,0.2,6,2.0,0.3,18,,,,,,
2025p826008,2025-11-02T14:57:09Z,-39.31,5.4,175.92,5.2,50.0,9.0,MLv,1.5,nan,8,1.5,0.4,8,1.2,0.3,14,,,,,,
2025p826047,2025-11-02T15:18:06Z,-38.54,12.8,175.88,22.0,157.0,17.0,MLv,,,,1.7,0.5,4,,,,,,,,,
2025p826090,2025-11-02T15:41:01Z,-37.82,10.3,176.09,13.4,165.0,13.0,MLv,1.8,nan,6,1.8,0.2,6,2.0,nan,1,,,,,,
2025p826163,2025-11-02T16:19:58Z,-39.47,2.9,176.85,2.8,30.0,5.0,MLv,,,,2.1,0.2,17,2.0,0.2,13,,,,,,
2025p826264,2025-11-02T17:13:39Z,-37.37,9.1,176.61,6.7,190.0,11.0,MLv,2.5,nan,13,2.5,0.2,13,2.1,0.2,7,,,,,,
2025p826270,2025-11-02T17:16:48Z,-39.79,5.2,174.04,6.9,121.0,13.0,MLv,2.1,nan,5,2.1,0.2,5,,,,,,,,,
2025p826274,2025-11-02T17:18:49Z,-39.06,6.2,176.18,3.9,50.0,9.0,MLv,1.3,nan,8,1.3,0.2,8,1.3,0.2,13,,,,,,
2025p826300,2025-11-02T17:32:55Z,-38.96,4.6,175.39,6.4,94.0,10.0,MLv,2.0,nan,6,2.0,0.2,6,,,,,,,,,
2025p826402,2025-11-02T18:26:48Z,-38.7,9.9,175.6,15.8,159.0,12.0,MLv,2.0,nan,4,2.0,0.6,4,,,,,,,,,
2025p826422,2025-11-02T18:37:50Z,-39.23,9.7,174.93,5.0,22.0,11.0,MLv,1.5,nan,8,1.5,0.3,8,1.5,0.2,12,,,,,,
2025p826432,2025-11-02T18:43:14Z,-38.72,22.1,175.57,15.4,139.0,14.0,MLv,1.3,nan,2,1.3,0.4,2,1.6,0.8,3,,,,,,
2025p826601,2025-11-02T20:13:23Z,-38.3,7.0,176.12,6.3,132.0,10.0,MLv,2.1,nan,13,2.1,0.2,13,1.9,0.2,7,,,,,,
2025p826728,2025-11-02T21:21:12Z,-40.59,3.0,175.87,3.4,23.0,5.0,MLv,1.4,nan,9,1.4,0.2,9,1.5,0.2,13,,,,,,
2025p826730,2025-11-02T21:22:07Z,-41.89,3.2,174.06,3.0,7.0,4.0,MLv,2.5,nan,19,2.5,0.1,19,2.5,0.2,17,,,,,,
2025p826735,2025-11-02T21:24:27Z,-41.9,3.8,174.08,4.3,6.0,4.0,MLv,,,,1.9,0.2,7,1.9,0.2,13,,,,,,
2025p826741,2025-11-02T21:28:06Z,-40.61,3.7,176.08,3.2,19.0,8.0,MLv,1.3,nan,6,1.3,0.2,6,1.2,0.2,8,,,,,,
2025p826785,2025-11-02T21:51:08Z,-40.86,2.3,175.45,2.5,18.0,5.0,MLv,1.9,nan,12,1.9,0.2,12,1.9,0.2,12,,,,,,
2025p827055,2025-11-03T00:15:25Z,-39.45,3.7,175.95,2.3,8.0,6.0,MLv,,,,1.6,0.2,14,1.6,0.2,12,,,,,,
2025p827061,2025-11-03T00:18:34Z,-40.09,2.6,174.96,4.9,20.0,8.0,MLv,1.8,nan,7,1.8,0.2,7,1.9,0.2,12,,,,,,
2025p827080,2025-11-03T00:27:55Z,-35.77,16.4,-179.37,10.9,12.0,0.0,MLv,3.4,nan,6,3.4,0.1,6,3.3,0.2,9,,,,,,
2025p827095,2025-11-03T00:36:45Z,-37.4,13.6,-179.97,9.0,12.0,0.0,MLv,,,,3.1,0.2,13,3.0,0.2,11,,,,,,
2025p827116,2025-11-03T00:47:52Z,-39.34,8.6,175.92,8.0,43.0,13.0,MLv,0.7,nan,6,0.7,0.2,6,0.8,0.2,8,,,,,,
2025p827282,2025-11-03T02:15:59Z,-39.23,3.3,175.49,10.5,5.0,0.0,MLv,0.3,nan,5,0.2,0.4,3,0.4,0.1,6,,,,,,
2025p827302,2025-11-03T02:26:36Z,-39.48,7.0,175.74,4.3,5.0,0.0,MLv,1.4,nan,7,1.4,0.3,7,1.3,0.2,7,,,,,,
2025p827386,2025-11-03T03:11:16Z,-40.9,4.4,174.32,2.8,31.0,6.0,MLv,,,,2.2,0.2,9,2.2,0.2,18,,,,,,
2025p827402,2025-11-03T03:20:14Z,-38.21,5.0,178.6,7.1,25.0,7.0,MLv,2.3,nan,5,2.3,0.2,5,2.1,0.3,7,,,,,,
2025p827441,2025-11-03T03:40:49Z,-40.46,3.9,174.07,4.3,57.0,11.0,MLv,2.0,nan,5,2.0,0.4,5,2.2,0.3,12,,,,,,
2025p827493,2025-11-03T04:08:21Z,-39.6,4.2,175.36,5.2,5.0,0.0,MLv,1.6,nan,6,1.6,0.2,6,1.5,0.3,10,,,,,,
2025p827534,2025-11-03T04:30:31Z,-39.13,5.5,177.46,2.9,20.0,6.0,MLv,1.7,nan,3,1.7,0.2,3,1.6,0.1,9,,,,,,
2025p827673,2025-11-03T05:44:14Z,-39.87,2.3,175.54,2.9,33.0,4.0,MLv,,,,3.4,0.2,81,3.5,0.2,28,,,,,,
2025p827709,2025-11-03T06:03:02Z,-38.53,11.7,175.54,24.7,195.0,18.0,MLv,1.8,nan,5,1.8,0.5,5,2.2,0.4,9,,,,,,
2025p827736,2025-11-03T06:18:10Z,-40.92,2.1,175.49,2.4,17.0,4.0,MLv,1.8,nan,13,1.8,0.2,13,1.9,0.2,12,,,,,,
2025p827904,2025-11-03T07:47:43Z,-39.21,3.6,175.32,8.3,14.0,9.0,MLv,0.7,nan,3,0.7,nan,1,0.9,0.2,12,,,,,,
2025p827941,2025-11-03T08:07:22Z,-39.5,5.2,175.71,3.5,10.0,9.0,MLv,1.1,nan,6,1.1,0.3,6,1.1,0.4,6,,,,,,
2025p827995,2025-11-03T08:36:03Z,-38.56,3.0,177.56,2.9,38.0,6.0,MLv,2.9,nan,42,2.9,0.2,42,2.9,0.4,13,,,,,,
2025p828017,2025-11-03T08:47:24Z,-35.54,40.0,178.6,48.1,175.0,61.0,MLv,2.4,nan,2,2.4,0.0,2,2.9,0.2,7,,,,,,
2025p828032,2025-11-03T08:55:33Z,-41.5,6.8,174.5,4.3,38.0,6.0,MLv,2.0,nan,2,2.0,0.2,2,1.5,0.2,10,,,,,,
2025p828064,2025-11-03T09:12:45Z,-39.88,2.5,176.6,3.5,33.0,6.0,MLv,1.4,nan,7,1.4,0.2,7,1.5,0.2,13,,,,,,
2025p828104,2025-11-03T09:33:51Z,-39.23,6.1,175.09,3.0,19.0,6.0,MLv,1.5,nan,6,1.5,0.2,6,1.5,0.2,13,,,,,,
2025p828120,2025-11-03T09:42:20Z,-40.18,6.8,174.06,9.1,78.0,16.0,MLv,2.3,nan,7,2.3,0.2,7,2.1,0.2,8,,,,,,
2025p828175,2025-11-03T10:11:45Z,-34.77,6.1,179.68,6.2,33.0,0.0,MLv,,,,4.9,0.2,89,4.6,0.3,23,,,,,,
2025p828257,2025-11-03T10:55:22Z,-37.79,6.9,176.44,5.5,146.0,12.0,MLv,,,,2.5,0.3,38,,,,,,,,,
2025p828265,2025-11-03T10:59:42Z,-39.78,3.3,174.56,3.3,18.0,5.0,MLv,1.9,nan,9,1.9,0.2,9,1.9,0.2,22,,,,,,
2025p828413,2025-11-03T12:18:44Z,-44.26,3.0,169.55,3.0,5.0,0.0,MLv,1.8,nan,5,1.8,0.3,5,1.9,0.3,8,,,,,,
2025p828424,2025-11-03T12:24:27Z,-39.0,3.5,177.29,2.9,26.0,4.0,MLv,2.0,nan,12,1.9,0.5,2,2.0,0.2,13,,,,,,
2025p828428,2025-11-03T12:26:54Z,-39.23,5.1,175.36,11.4,11.0,14.0,MLv,0.5,nan,7,0.5,0.1,7,0.7,0.1,8,,,,,,
2025p828471,2025-11-03T12:49:39Z,-38.98,3.9,174.6,2.6,18.0,5.0,MLv,,,,1.6,0.3,8,1.8,0.2,12,,,,,,
2025p828581,2025-11-03T13:48:17Z,-43.91,5.3,169.02,3.5,2.0,3.0,MLv,1.5,nan,5,1.5,0.3,5,1.8,0.3,6,,,,,,
2025p828737,2025-11-03T15:11:28Z,-39.27,4.4,175.2,3.2,22.0,5.0,MLv,1.7,nan,19,1.7,0.2,19,1.7,0.3,16,,,,,,
2025p828790,2025-11-03T15:39:04Z,-34.31,30.7,179.58,36.2,227.0,52.0,Mw(mB),3.4,nan,7,3.6,0.2,7,3.7,0.3,5,3.0,0.4,5,4.0,0.3,5
2025p828826,2025-11-03T15:58:34Z,-38.32,4.6,177.17,3.5,35.0,7.0,MLv,1.7,nan,10,1.7,0.2,10,1.7,0.2,11,,,,,,
2025p828887,2025-11-03T16:30:55Z,-36.9,13.2,177.17,12.4,171.0,12.0,MLv,2.6,nan,9,2.6,0.3,9,,,,,,,,,
2025p828893,2025-11-03T16:34:17Z,-39.5,3.3,175.69,3.8,10.0,8.0,MLv,1.0,nan,6,1.0,0.2,6,1.2,0.3,10,,,,,,
2025p828929,2025-11-03T16:53:48Z,-39.52,7.7,175.64,4.5,8.0,10.0,MLv,1.0,nan,10,1.0,0.3,10,0.9,0.3,10,,,,,,
2025p828951,2025-11-03T17:05:33Z,-38.34,2.6,177.17,2.4,31.0,4.0,MLv,,,,2.8,0.2,50,2.9,0.2,24,,,,,,
2025p828977,2025-11-03T17:19:20Z,-38.35,4.0,177.33,3.4,35.0,7.0,MLv,1.6,nan,7,1.6,0.1,7,1.7,0.2,11,,,,,,
2025p829034,2025-11-03T17:49:43Z,-40.29,4.5,176.4,2.9,19.0,5.0,MLv,1.9,nan,7,1.9,0.2,7,1.9,0.1,8,,,,,,
2025p829054,2025-11-03T18:00:11Z,-39.88,4.5,176.8,4.8,36.0,8.0,MLv,1.6,nan,8,1.6,0.2,8,1.8,0.2,7,,,,,,
2025p829055,2025-11-03T18:00:34Z,-44.06,3.2,169.54,2.5,5.0,0.0,MLv,1.7,nan,3,1.7,0.3,3,1.8,0.2,7,,,,,,
2025p829075,2025-11-03T18:11:25Z,-41.44,4.2,174.39,2.5,5.0,0.0,MLv,1.8,nan,4,1.8,0.3,4,1.8,0.2,13,,,,,,
2025p829076,2025-11-03T18:12:07Z,-40.13,4.6,176.39,4.7,43.0,10.0,MLv,1.6,nan,10,1.6,0.1,10,1.5,0.2,6,,,,,,
2025p829114,2025-11-03T18:32:21Z,-38.82,3.7,177.97,5.2,35.0,5.0,MLv,2.1,nan,9,2.1,0.2,9,2.0,0.3,12,,,,,,
2025p829226,2025-11-03T19:31:50Z,-40.64,5.5,173.25,6.8,126.0,8.0,MLv,2.2,nan,6,2.2,0.1,6,,,,,,,,,
2025p829347,2025-11-03T20:36:57Z,-40.89,4.2,175.44,4.0,26.0,9.0,MLv,1.2,nan,5,1.2,0.2,5,1.5,0.4,7,,,,,,
2025p829393,2025-11-03T21:00:55Z,-41.64,2.0,174.18,2.3,10.0,4.0,MLv,1.6,nan,5,1.6,0.2,5,1.9,0.2,11,,,,,,
2025p829432,2025-11-03T21:21:52Z,-41.22,4.8,172.91,5.9,122.0,7.0,MLv,1.8,nan,7,1.8,0.4,7,,,,,,,,,
2025p829435,2025-11-03T21:23:11Z,-40.34,3.8,174.2,3.1,88.0,14.0,MLv,2.3,nan,5,2.3,0.2,5,2.4,0.2,4,,,,,,
2025p829468,2025-11-03T21:40:39Z,-40.21,2.0,174.93,2.6,12.0,0.0,MLv,2.2,nan,14,2.2,0.1,14,2.1,0.2,21,,,,,,
2025p829639,2025-11-03T23:11:50Z,-38.66,2.9,176.11,4.0,5.0,0.0,MLv,2.0,nan,7,2.0,0.3,7,1.9,0.2,7,,,,,,
2025p829665,2025-11-03T23:25:56Z,-38.72,2.9,177.37,3.6,28.0,5.0,MLv,2.6,nan,18,2.6,0.2,18,2.5,0.2,9,,,,,,
2025p829671,2025-11-03T23:29:07Z,-41.26,2.8,173.49,1.9,7.0,5.0,MLv,1.9,nan,7,1.9,0.2,7,1.8,0.2,8,,,,,,
2025p829680,2025-11-03T23:34:09Z,-38.17,4.3,176.38,4.3,157.0,4.0,MLv,,,,4.3,0.5,74,2.9,0.3,6,,,,,,
2025p829727,2025-11-03T23:58:57Z,-40.98,3.6,174.7,3.3,25.0,6.0,MLv,2.7,nan,9,2.7,0.3,9,2.7,0.2,9,,,,,,
2025p829853,2025-11-04T01:06:12Z,-39.94,3.9,176.64,3.7,28.0,5.0,MLv,2.2,nan,13,2.2,0.1,13,2.1,0.2,12,,,,,,
2025p829868,2025-11-04T01:14:02Z,-37.29,45.6,176.58,34.3,214.0,34.0,MLv,2.3,nan,6,2.3,0.3,6,,,,,,,,,
2025p829941,2025-11-04T01:52:21Z,-35.38,28.8,178.84,30.9,188.0,39.0,MLv,3.0,nan,7,3.0,0.1,7,,,,,,,,,
2025p829980,2025-11-04T02:13:32Z,-43.66,2.6,170.75,2.4,5.0,0.0,MLv,2.1,nan,5,2.1,0.2,5,2.1,0.2,12,,,,,,
2025p830038,2025-11-04T02:44:22Z,-38.03,7.2,176.1,6.5,144.0,11.0,MLv,2.6,nan,21,2.6,0.2,21,,,,,,,,,
2025p830045,2025-11-04T02:48:07Z,-37.3,17.7,176.5,23.0,245.0,18.0,MLv,2.1,nan,5,2.1,0.2,5,,,,,,,,,
2025p830073,2025-11-04T03:02:59Z,-38.06,5.2,178.56,7.3,31.0,8.0,MLv,2.4,nan,12,2.4,0.2,12,2.3,0.2,10,,,,,,
2025p830143,2025-11-04T03:40:18Z,-43.99,3.2,169.51,2.5,5.0,0.0,MLv,2.1,nan,7,2.1,0.1,7,2.2,0.3,11,,,,,,
2025p830169,2025-11-04T03:54:07Z,-38.54,3.5,178.12,4.6,18.0,8.0,MLv,1.9,nan,8,1.9,0.2,8,1.9,0.3,9,,,,,,
2025p830214,2025-11-04T04:18:27Z,-38.49,3.8,178.03,4.3,17.0,7.0,MLv,1.6,nan,7,1.6,0.3,7,1.7,0.2,10,,,,,,
2025p830328,2025-11-04T05:19:13Z,-40.57,4.8,175.82,4.7,45.0,9.0,MLv,1.3,nan,8,1.3,0.3,8,1.1,0.3,7,,,,,,
2025p830346,2025-11-04T05:28:52Z,-40.07,3.9,176.58,4.5,43.0,8.0,MLv,1.4,nan,7,1.4,0.2,7,1.4,0.2,9,,,,,,
2025p830409,2025-11-04T06:01:56Z,-44.85,5.0,167.73,10.1,55.0,9.0,MLv,2.1,nan,2,2.1,0.8,2,2.5,0.2,12,,,,,,
2025p830417,2025-11-04T06:06:09Z,-38.51,11.5,175.74,9.8,144.0,14.0,MLv,1.7,nan,5,1.7,0.2,5,1.8,0.2,10,,,,,,
2025p830491,2025-11-04T06:45:39Z,-42.78,3.3,173.08,4.4,29.0,4.0,MLv,2.3,nan,4,2.3,0.4,4,2.1,0.2,7,,,,,,
2025p830497,2025-11-04T06:49:14Z,-41.34,5.0,173.58,4.1,48.0,11.0,MLv,2.0,nan,7,2.0,0.2,7,1.9,0.2,6,,,,,,
2025p830509,2025-11-04T06:55:04Z,-33.0,14.8,179.92,45.7,100.0,0.0,Mw(mB),,,,4.8,0.2,13,,,,4.0,0.4,11,4.8,0.2,11
2025p830528,2025-11-04T07:06:24Z,-39.97,4.0,176.71,6.9,32.0,8.0,MLv,1.2,nan,4,1.2,0.2,4,1.3,0.4,9,,,,,,
2025p830605,2025-11-04T07:46:51Z,-38.35,3.8,178.3,6.5,16.0,7.0,MLv,1.5,nan,5,1.5,0.2,5,1.9,0.2,8,,,,,,
2025p830627,2025-11-04T07:58:33Z,-45.31,4.4,167.43,4.6,53.0,8.0,MLv,2.6,nan,5,2.6,0.5,5,2.8,0.1,12,,,,,,
2025p830665,2025-11-04T08:18:38Z,-41.78,5.0,173.26,4.3,60.0,9.0,MLv,2.1,nan,3,2.1,0.5,3,1.9,0.2,8,,,,,,
2025p830667,2025-11-04T08:19:52Z,-40.28,2.9,176.61,3.3,15.0,6.0,MLv,1.0,nan,5,1.0,0.3,5,1.3,0.3,10,,,,,,
2025p830679,2025-11-04T08:25:49Z,-43.52,3.0,170.26,2.4,5.0,0.0,MLv,1.6,nan,5,1.6,0.3,5,2.0,0.3,12,,,,,,
2025p830725,2025-11-04T08:50:43Z,-38.47,3.2,178.07,3.9,21.0,6.0,MLv,1.7,nan,7,1.7,0.2,7,1.7,0.2,12,,,,,,
2025p830747,2025-11-04T09:02:06Z,-38.48,3.1,178.06,4.3,15.0,8.0,MLv,1.7,nan,7,1.7,0.1,7,1.7,0.2,7,,,,,,
2025p830770,2025-11-04T09:14:45Z,-40.89,3.4,175.25,3.6,21.0,7.0,MLv,0.7,nan,4,0.7,0.2,4,1.1,0.4,7,,,,,,
2025p830781,2025-11-04T09:20:27Z,-40.94,2.7,174.95,3.1,28.0,4.0,MLv,,,,2.3,0.2,13,2.2,0.2,15,,,,,,
2025p830810,2025-11-04T09:35:59Z,-41.0,2.5,175.42,3.4,21.0,7.0,MLv,0.9,nan,7,0.9,0.3,7,0.9,0.3,7,,,,,,
2025p830823,2025-11-04T09:42:42Z,-40.87,2.7,176.03,3.2,19.0,5.0,MLv,1.2,nan,7,1.2,0.2,7,1.2,0.3,10,,,,,,
2025p830867,2025-11-04T10:06:07Z,-34.9,10.7,-179.71,15.6,100.0,0.0,MLv,4.0,nan,18,4.0,0.1,18,3.7,0.0,3,4.3,0.9,2,4.9,0.9,2
2025p830880,2025-11-04T10:13:23Z,-39.94,2.5,176.74,3.4,33.0,5.0,MLv,1.9,nan,21,1.9,0.2,21,1.8,0.2,13,,,,,,
2025p830882,2025-11-04T10:14:20Z,-39.27,4.5,174.75,2.9,21.0,7.0,MLv,2.0,nan,8,2.0,0.2,8,2.1,0.2,10,,,,,,
2025p830891,2025-11-04T10:18:56Z,-40.28,4.9,176.65,6.5,17.0,8.0,MLv,1.3,nan,7,1.3,0.3,7,1.5,0.2,9,,,,,,
2025p830895,2025-11-04T10:20:55Z,-40.55,3.3,175.08,3.2,25.0,5.0,MLv,2.1,nan,14,2.1,0.1,14,2.0,0.2,19,,,,,,
2025p830897,2025-11-04T10:22:17Z,-38.8,3.0,177.66,3.3,25.0,5.0,MLv,2.1,nan,19,2.1,0.2,19,2.3,0.3,12,,,,,,
2025p830906,2025-11-04T10:27:13Z,-41.4,3.1,172.32,2.9,5.0,0.0,M,2.0,nan,5,2.0,0.3,5,2.1,0.2,8,,,,,,
2025p830958,2025-11-04T10:53:44Z,-33.74,10.5,-179.57,19.9,300.0,0.0,Mw(mB),3.4,nan,12,4.1,0.2,12,3.9,0.2,13,3.0,0.4,10,4.0,0.3,10
2025p830965,2025-11-04T10:59:51Z,-38.81,3.2,177.56,2.9,26.0,6.0,MLv,1.6,nan,11,1.6,0.2,11,1.7,0.2,12,,,,,,
2025p831013,2025-11-04T11:24:21Z,-39.29,5.2,175.54,11.1,5.0,0.0,MLv,0.9,nan,5,0.9,0.3,5,0.6,0.2,6,,,,,,
2025p831034,2025-11-04T11:35:21Z,-37.52,8.5,178.69,8.1,22.0,6.0,MLv,2.2,nan,7,2.2,0.2,7,2.2,0.0,2,,,,,,
2025p831048,2025-11-04T11:41:14Z,-32.83,11.2,179.07,41.7,300.0,0.0,Mw(mB),3.4,nan,19,4.1,0.2,6,4.0,0.5,3,3.3,0.4,7,4.2,0.3,7
2025p831074,2025-11-04T11:55:15Z,-34.14,10.7,-178.07,16.8,33.0,0.0,Mw(mB),3.8,nan,6,3.9,0.2,6,4.0,0.2,13,3.5,0.4,5,4.4,0.2,5
2025p831100,2025-11-04T12:10:31Z,-38.63,3.2,177.46,3.7,26.0,5.0,MLv,1.0,nan,5,1.0,0.2,5,1.3,0.3,10,,,,,,
2025p831125,2025-11-04T12:23:27Z,-43.12,2.8,170.71,3.5,5.0,0.0,MLv,1.6,nan,7,1.6,0.3,7,1.9,0.3,12,,,,,,
2025p831155,2025-11-04T12:39:45Z,-39.76,4.8,176.8,4.4,32.0,10.0,MLv,1.3,nan,6,1.3,0.4,6,1.3,0.4,6,,,,,,
2025p831182,2025-11-04T12:52:55Z,-34.0,25.1,-178.57,36.8,33.0,0.0,Mw(mB),3.9,nan,4,3.9,0.2,4,3.9,0.1,11,3.6,0.4,4,4.4,0.2,4
2025p831200,2025-11-04T13:03:28Z,-40.45,3.0,176.31,3.5,20.0,5.0,MLv,1.3,nan,6,1.3,0.3,6,1.3,0.2,8,,,,,,
2025p831219,2025-11-04T13:13:58Z,-39.42,5.8,174.43,4.2,134.0,7.0,MLv,2.4,nan,49,2.4,0.3,49,2.2,0.2,5,,,,,,
2025p831229,2025-11-04T13:19:01Z,-39.53,2.7,175.66,2.7,8.0,6.0,MLv,1.3,nan,17,1.3,0.2,17,1.3,0.2,18,,,,,,
2025p831231,2025-11-04T13:20:19Z,-39.53,2.3,175.65,2.3,8.0,6.0,MLv,1.3,nan,18,1.3,0.2,18,1.3,0.2,19,,,,,,
2025p831272,2025-11-04T13:42:17Z,-38.44,6.6,176.0,8.1,119.0,13.0,MLv,1.6,nan,6,1.6,0.1,6,1.6,nan,1,,,,,,
2025p831284,2025-11-04T13:48:26Z,-41.25,2.4,175.24,2.5,5.0,0.0,MLv,1.3,nan,9,1.3,0.2,9,1.2,0.3,9,,,,,,
2025p831293,2025-11-04T13:53:03Z,-37.96,5.8,178.58,9.2,34.0,8.0,MLv,1.9,nan,4,1.9,0.3,4,1.7,0.2,7,,,,,,
2025p831296,2025-11-04T13:54:52Z,-38.63,5.2,178.83,7.3,12.0,0.0,MLv,2.3,nan,11,2.3,0.2,11,2.2,0.3,11,,,,,,
2025p831326,2025-11-04T14:10:47Z,-39.12,4.4,175.13,4.4,8.0,11.0,MLv,1.3,nan,3,1.3,0.1,3,1.4,0.2,8,,,,,,
2025p831333,2025-11-04T14:14:19Z,-40.16,2.9,176.43,3.8,35.0,6.0,MLv,1.8,nan,12,1.8,0.1,12,1.7,0.1,10,,,,,,
2025p831336,2025-11-04T14:16:36Z,-42.98,2.1,172.42,1.9,5.0,0.0,MLv,3.1,nan,22,3.1,0.1,22,3.2,0.2,9,,,,,,
2025p831345,2025-11-04T14:20:50Z,-43.03,2.5,171.72,2.9,5.0,0.0,MLv,1.7,nan,6,1.7,0.1,6,1.7,0.2,6,,,,,,
2025p831353,2025-11-04T14:26:07Z,-39.14,5.5,176.13,3.1,46.0,8.0,MLv,1.7,nan,27,1.7,0.2,27,1.6,0.2,24,,,,,,
2025p831362,2025-11-04T14:29:13Z,-35.29,14.8,179.09,24.0,300.0,0.0,MLv,3.2,nan,8,3.2,0.2,8,2.9,nan,1,,,,,,
2025p831363,2025-11-04T14:30:23Z,-44.06,6.4,168.57,5.0,5.0,0.0,MLv,2.1,nan,7,2.1,0.3,7,2.3,0.2,11,,,,,,
2025p831381,2025-11-04T14:40:13Z,-40.25,5.7,173.35,8.6,162.0,11.0,MLv,2.6,nan,12,2.6,0.2,12,,,,,,,,,
2025p831400,2025-11-04T14:50:06Z,-40.3,3.7,176.66,4.5,17.0,5.0,MLv,1.5,nan,7,1.5,0.2,7,1.5,0.2,11,,,,,,
2025p831419,2025-11-04T15:00:10Z,-41.2,3.9,173.86,3.7,30.0,6.0,MLv,1.5,nan,6,1.5,0.3,6,1.8,0.4,10,,,,,,
2025p831487,2025-11-04T15:36:53Z,-37.77,12.7,179.7,12.1,28.0,29.0,MLv,2.5,nan,7,2.5,0.2,7,2.5,0.3,16,,,,,,
2025p831532,2025-11-04T16:00:40Z,-41.56,3.4,173.81,5.5,36.0,8.0,MLv,1.5,nan,5,1.5,0.3,5,1.7,0.3,7,,,,,,
2025p831540,2025-11-04T16:04:25Z,-35.79,25.1,178.57,24.9,170.0,33.0,MLv,3.2,nan,4,3.2,0.5,4,2.7,0.1,9,,,,,,
2025p831543,2025-11-04T16:06:28Z,-37.24,7.0,176.79,5.4,178.0,10.0,MLv,2.9,nan,49,2.9,0.3,49,,,,,,,,,
2025p831634,2025-11-04T16:53:57Z,-32.81,25.5,178.57,23.2,329.0,57.0,Mw(mB),3.6,nan,9,4.0,0.2,6,3.9,0.4,3,3.2,0.4,9,4.2,0.3,9
2025p831710,2025-11-04T17:35:17Z,-40.82,3.9,176.17,5.1,18.0,7.0,MLv,1.4,nan,6,1.4,0.2,6,1.5,0.2,10,,,,,,
2025p831735,2025-11-04T17:48:46Z,-38.65,8.8,175.7,7.0,117.0,15.0,MLv,1.6,nan,13,1.6,0.2,13,1.5,0.2,4,,,,,,
2025p831772,2025-11-04T18:08:16Z,-38.0,5.0,177.25,3.5,49.0,7.0,MLv,,,,2.9,0.2,46,3.0,0.3,17,,,,,,
2025p831819,2025-11-04T18:33:18Z,-35.97,42.1,177.64,33.6,205.0,39.0,MLv,2.8,nan,10,2.8,0.3,10,,,,,,,,,
2025p831821,2025-11-04T18:34:32Z,-39.89,6.4,173.89,7.6,167.0,10.0,MLv,2.4,nan,9,2.4,0.2,9,,,,,,,,,
2025p831829,2025-11-04T18:38:42Z,-39.51,8.6,175.86,5.2,14.0,11.0,MLv,0.8,nan,8,0.8,0.3,8,0.8,0.7,6,,,,,,
2025p831837,2025-11-04T18:43:02Z,-42.86,3.6,172.39,2.6,5.0,0.0,MLv,1.8,nan,1,1.8,nan,1,2.1,0.1,11,,,,,,
2025p831848,2025-11-04T18:48:56Z,-36.63,11.9,177.18,9.1,245.0,13.0,MLv,,,,3.6,0.3,43,3.0,0.5,12,,,,,,
2025p832023,2025-11-04T20:22:07Z,-37.15,9.1,178.88,12.3,12.0,0.0,MLv,2.9,nan,7,2.9,0.2,7,2.5,0.2,10,,,,,,
2025p832065,2025-11-04T20:44:39Z,-43.57,3.1,172.41,2.8,5.0,0.0,MLv,1.8,nan,1,1.8,nan,1,1.7,0.3,5,,,,,,
2025p832117,2025-11-04T21:11:49Z,-36.55,31.5,177.1,24.3,142.0,53.0,MLv,2.6,nan,9,2.6,0.3,9,2.6,0.4,2,,,,,,
2025p832193,2025-11-04T21:52:44Z,-40.28,3.3,173.6,3.6,150.0,6.0,MLv,2.7,nan,40,2.7,0.2,40,,,,,,,,,
2025p832200,2025-11-04T21:56:24Z,-39.91,3.2,176.73,3.9,29.0,5.0,MLv,2.0,nan,12,2.0,0.2,12,1.9,0.2,12,,,,,,
2025p832306,2025-11-04T22:53:05Z,-37.78,24.2,175.74,24.1,211.0,26.0,MLv,2.4,nan,15,2.4,0.3,15,,,,,,,,,
2025p832383,2025-11-04T23:33:45Z,-39.06,8.0,174.65,3.1,20.0,7.0,MLv,1.8,nan,1,1.8,nan,1,1.9,0.2,7,,,,,,
2025p832685,2025-11-05T02:14:44Z,-37.11,13.7,176.79,13.2,241.0,11.0,MLv,3.0,nan,17,2.9,0.6,4,,,,,,,,,
2025p832692,2025-11-05T02:18:27Z,-39.49,7.5,175.7,4.4,12.0,0.0,MLv,1.2,nan,7,1.2,0.2,7,1.1,0.2,12,,,,,,
2025p832708,2025-11-05T02:27:17Z,-44.15,4.2,168.7,5.4,5.0,0.0,MLv,2.6,nan,5,2.6,0.3,5,2.4,0.1,7,,,,,,
2025p832719,2025-11-05T02:33:08Z,-40.19,3.5,176.39,4.1,38.0,6.0,MLv,1.5,nan,8,1.5,0.3,8,1.6,0.2,8,,,,,,
2025p832823,2025-11-05T03:28:10Z,-39.84,3.1,176.67,3.6,30.0,9.0,MLv,2.1,nan,6,2.1,0.2,6,1.9,0.2,9,,,,,,
2025p832826,2025-11-05T03:29:48Z,-40.56,4.3,175.79,3.7,23.0,6.0,MLv,1.6,nan,6,1.6,0.1,6,1.5,0.2,11,,,,,,
2025p832896,2025-11-05T04:07:27Z,-39.09,6.4,177.8,4.8,19.0,6.0,MLv,2.6,nan,8,2.6,0.3,8,2.7,0.4,8,,,,,,
2025p832939,2025-11-05T04:29:53Z,-39.1,4.9,177.81,4.6,19.0,4.0,MLv,2.0,nan,10,2.0,0.2,10,1.9,0.3,10,,,,,,
2025p833082,2025-11-05T05:46:20Z,-38.73,16.2,175.93,18.1,123.0,12.0,MLv,0.9,nan,1,0.9,nan,1,,,,,,,,,
2025p833086,2025-11-05T05:48:32Z,-39.99,5.1,172.84,8.8,5.0,0.0,MLv,2.4,nan,6,2.4,0.2,6,2.3,0.2,11,,,,,,
2025p833174,2025-11-05T06:35:26Z,-40.63,3.2,175.84,3.2,20.0,6.0,MLv,1.2,nan,5,1.2,0.1,5,1.2,0.2,6,,,,,,
2025p833251,2025-11-05T07:16:24Z,-40.64,5.8,174.04,3.9,66.0,11.0,MLv,1.8,nan,7,1.8,0.2,7,1.7,0.1,7,,,,,,
2025p833294,2025-11-05T07:39:34Z,-40.05,3.7,176.59,3.4,34.0,9.0,MLv,1.9,nan,7,1.9,0.1,7,2.0,0.2,7,,,,,,
2025p833374,2025-11-05T08:21:51Z,-39.51,5.8,175.66,3.9,12.0,0.0,MLv,0.8,nan,3,0.8,0.5,3,0.9,0.4,8,,,,,,
2025p833375,2025-11-05T08:22:21Z,-39.95,3.2,173.18,5.0,5.0,0.0,MLv,2.0,nan,3,2.0,0.2,3,2.1,0.2,6,,,,,,
2025p833564,2025-11-05T10:03:18Z,-41.23,7.8,173.65,3.7,69.0,7.0,MLv,1.9,nan,2,1.9,0.4,2,1.7,0.2,9,,,,,,
2025p833583,2025-11-05T10:13:09Z,-39.49,4.5,174.5,4.1,126.0,7.0,MLv,1.9,nan,7,1.9,0.4,7,,,,,,,,,
2025p833633,2025-11-05T10:39:43Z,-39.36,11.1,174.79,4.8,21.0,11.0,MLv,1.4,nan,2,1.4,0.2,2,1.6,0.3,8,,,,,,
2025p833732,2025-11-05T11:32:55Z,-37.8,3.5,178.3,2.8,5.0,0.0,MLv,,,,1.9,0.2,6,1.9,0.3,7,,,,,,
2025p833771,2025-11-05T11:53:41Z,-39.16,4.1,177.18,4.5,22.0,5.0,MLv,1.6,nan,7,1.6,0.1,7,1.6,0.2,9,,,,,,
2025p833784,2025-11-05T12:00:22Z,-38.88,5.7,175.96,5.3,44.0,8.0,MLv,1.4,nan,5,1.4,0.2,5,1.6,0.3,12,,,,,,
2025p833820,2025-11-05T12:19:38Z,-41.06,3.0,175.98,4.2,19.0,5.0,MLv,2.1,nan,13,2.1,0.2,13,2.1,0.1,13,,,,,,
2025p833825,2025-11-05T12:22:01Z,-35.54,23.6,178.38,24.4,208.0,30.0,MLv,3.1,nan,4,3.1,0.3,4,2.9,0.1,9,,,,,,
2025p833984,2025-11-05T13:46:43Z,-41.7,5.5,172.27,4.9,69.0,9.0,MLv,2.2,nan,5,2.2,0.3,5,2.2,0.2,12,,,,,,
2025p833991,2025-11-05T13:50:56Z,-38.29,9.5,176.07,7.7,145.0,10.0,MLv,2.2,nan,6,2.2,0.5,6,1.9,0.4,7,,,,,,
2025p834018,2025-11-05T14:05:10Z,-38.91,9.6,174.94,7.6,184.0,10.0,MLv,2.4,nan,12,2.4,0.2,12,,,,,,,,,
2025p834050,2025-11-05T14:22:06Z,-39.52,5.2,175.64,4.0,13.0,9.0,MLv,1.9,nan,22,1.9,0.1,22,1.8,0.2,14,,,,,,
2025p834160,2025-11-05T15:20:29Z,-39.71,2.2,176.8,3.5,28.0,6.0,MLv,2.5,nan,12,2.5,0.2,12,2.5,0.2,12,,,,,,
2025p834163,2025-11-05T15:22:16Z,-39.72,2.3,176.79,3.3,27.0,5.0,MLv,2.7,nan,10,2.7,0.1,10,2.7,0.2,12,,,,,,
2025p834268,2025-11-05T16:18:09Z,-40.37,3.4,173.49,3.9,170.0,5.0,MLv,3.3,nan,66,3.3,0.3,66,,,,,,,,,
2025p834359,2025-11-05T17:06:54Z,-38.85,4.4,178.06,5.6,41.0,7.0,MLv,,,,3.1,0.2,55,3.4,0.4,11,,,,,,
2025p834372,2025-11-05T17:13:33Z,-37.35,11.1,176.7,8.0,217.0,9.0,MLv,2.7,nan,12,2.7,0.2,12,,,,,,,,,
2025p834397,2025-11-05T17:27:02Z,-38.83,3.2,177.05,3.2,28.0,3.0,MLv,1.8,nan,12,1.8,0.2,12,1.9,0.2,22,,,,,,
2025p834452,2025-11-05T17:56:16Z,-41.78,2.6,174.07,3.0,9.0,4.0,MLv,1.9,nan,7,1.9,0.1,7,2.0,0.1,8,,,,,,
2025p834521,2025-11-05T18:33:04Z,-38.34,5.6,175.87,6.2,134.0,9.0,MLv,2.6,nan,35,2.6,0.5,35,2.0,nan,1,,,,,,
2025p834577,2025-11-05T19:02:39Z,-38.1,5.3,178.47,7.5,36.0,8.0,MLv,2.0,nan,8,2.0,0.2,8,1.9,0.3,8,,,,,,
2025p834588,2025-11-05T19:08:59Z,-38.66,15.2,175.95,8.7,100.0,12.0,MLv,2.1,nan,7,2.1,0.2,7,,,,,,,,,
2025p834768,2025-11-05T20:44:49Z,-41.0,2.3,175.63,2.6,13.0,7.0,MLv,2.1,nan,15,2.1,0.2,15,,,,,,,,,
2025p834794,2025-11-05T20:58:41Z,-44.91,4.5,167.67,5.5,52.0,8.0,MLv,2.9,nan,8,2.9,0.2,8,2.7,0.3,8,,,,,,
2025p834893,2025-11-05T21:51:13Z,-40.46,2.7,176.17,2.5,16.0,5.0,MLv,1.5,nan,7,1.5,0.2,7,1.4,0.1,8,,,,,,
2025p835006,2025-11-05T22:51:29Z,-39.49,6.7,175.02,6.1,106.0,8.0,MLv,1.9,nan,16,1.9,0.3,16,,,,,,,,,
2025p835056,2025-11-05T23:17:56Z,-38.83,5.4,177.04,4.2,33.0,9.0,MLv,1.7,nan,7,1.7,0.3,7,,,,,,,,,
2025p835090,2025-11-05T23:36:04Z,-40.85,3.4,175.45,3.4,22.0,6.0,MLv,1.8,nan,7,1.8,0.2,7,,,,,,,,,
2025p835166,2025-11-06T00:18:07Z,-40.32,4.0,176.3,3.8,29.0,9.0,MLv,2.0,nan,6,2.0,0.1,6,1.8,0.5,2,,,,,,
2025p835273,2025-11-06T01:13:48Z,-37.8,6.1,176.74,4.6,5.0,0.0,MLv,2.1,nan,3,2.1,0.4,3,1.5,0.6,4,,,,,,
2025p835395,2025-11-06T02:18:47Z,-40.43,2.8,174.01,4.2,96.0,8.0,MLv,,,,3.6,0.2,72,3.8,0.2,24,,,,,,
2025p835471,2025-11-06T02:59:11Z,-41.27,5.2,173.67,3.0,47.0,6.0,MLv,,,,3.2,0.2,39,3.0,0.2,16,,,,,,
2025p835554,2025-11-06T03:43:11Z,-39.59,8.0,174.8,8.1,75.0,9.0,MLv,2.4,nan,15,2.4,0.2,15,2.1,0.2,13,,,,,,
2025p835577,2025-11-06T03:55:28Z,-42.98,3.4,172.42,2.5,5.0,0.0,MLv,1.5,nan,1,1.5,nan,1,1.9,0.1,7,,,,,,
2025p835635,2025-11-06T04:26:26Z,-40.3,3.9,174.0,4.3,70.0,15.0,MLv,2.2,nan,7,2.2,0.2,7,2.1,0.2,7,,,,,,
2025p835640,2025-11-06T04:29:01Z,-40.18,10.2,173.52,10.5,201.0,11.0,MLv,2.2,nan,2,2.2,0.1,2,,,,,,,,,
2025p835641,2025-11-06T04:29:46Z,-39.92,4.1,176.54,3.6,37.0,7.0,MLv,,,,2.2,0.1,25,2.3,0.2,9,,,,,,
2025p835665,2025-11-06T04:42:51Z,-39.81,3.4,175.18,4.7,22.0,6.0,MLv,1.8,nan,13,1.8,0.2,13,1.8,0.2,10,,,,,,
2025p835721,2025-11-06T05:12:20Z,-39.53,7.6,174.45,11.4,120.0,18.0,MLv,2.1,nan,2,2.1,0.8,2,,,,,,,,,
2025p835838,2025-11-06T06:14:54Z,-40.97,2.5,175.25,2.7,19.0,5.0,MLv,2.0,nan,13,2.0,0.2,13,1.9,0.3,9,,,,,,
2025p835879,2025-11-06T06:36:35Z,-42.81,4.2,171.65,3.4,5.0,0.0,ML,,,,,,,1.3,nan,1,,,,,,
2025p835881,2025-11-06T06:37:42Z,-41.56,2.9,174.32,2.8,17.0,3.0,MLv,,,,2.6,0.2,15,2.4,0.2,18,,,,,,
2025p835918,2025-11-06T06:57:38Z,-44.61,4.8,168.26,5.1,62.0,10.0,MLv,2.6,nan,12,2.6,0.4,4,2.4,0.2,8,,,,,,
2025p835953,2025-11-06T07:16:03Z,-41.55,3.8,174.31,3.3,12.0,0.0,MLv,1.6,nan,5,1.6,nan,1,1.6,0.1,2,,,,,,
2025p835954,2025-11-06T07:16:28Z,-40.25,3.7,176.71,4.6,16.0,7.0,MLv,1.3,nan,3,1.3,0.1,3,1.4,0.2,7,,,,,,
2025p835985,2025-11-06T07:32:49Z,-41.71,5.2,172.21,5.0,74.0,8.0,MLv,2.4,nan,6,2.4,0.3,6,2.3,0.2,6,,,,,,
2025p836015,2025-11-06T07:48:47Z,-39.31,4.3,177.01,5.5,31.0,8.0,MLv,1.7,nan,8,1.7,0.2,8,1.7,0.1,11,,,,,,
2025p836054,2025-11-06T08:09:54Z,-41.18,3.6,174.49,2.8,22.0,5.0,M,4.9,nan,82,5.0,0.3,12,5.6,nan,1,4.8,0.4,11,5.4,0.2,11
2025p836064,2025-11-06T08:15:11Z,-40.23,3.2,176.26,3.8,40.0,7.0,MLv,1.8,nan,7,1.8,0.2,7,1.8,0.2,12,,,,,,
2025p836066,2025-11-06T08:16:00Z,-38.46,7.2,178.69,10.9,24.0,9.0,MLv,1.8,nan,5,1.8,nan,1,2.0,0.1,10,,,,,,
2025p836075,2025-11-06T08:21:06Z,-41.17,5.1,174.52,3.1,26.0,8.0,MLv,1.5,nan,3,1.5,0.2,3,1.8,0.1,7,,,,,,
2025p836120,2025-11-06T08:44:51Z,-38.74,15.2,176.16,11.5,89.0,17.0,MLv,1.7,nan,3,1.9,nan,1,1.5,0.5,3,,,,,,
2025p836202,2025-11-06T09:28:52Z,-41.18,3.5,174.5,1.9,26.0,3.0,MLv,,,,3.5,0.1,24,3.5,0.2,22,,,,,,
2025p836210,2025-11-06T09:33:06Z,-38.88,4.5,177.54,3.9,23.0,8.0,MLv,1.9,nan,4,1.9,0.4,4,1.7,0.4,8,,,,,,
2025p836239,2025-11-06T09:48:25Z,-41.17,3.5,174.52,2.4,26.0,4.0,MLv,,,,2.6,0.2,28,2.5,0.2,18,,,,,,
2025p836277,2025-11-06T10:08:45Z,-40.03,4.4,176.7,2.7,17.0,5.0,MLv,1.5,nan,5,1.6,0.4,4,1.3,0.3,6,,,,,,
2025p836311,2025-11-06T10:26:45Z,-40.87,2.8,175.77,3.0,23.0,5.0,MLv,1.5,nan,7,1.5,0.1,7,1.7,0.1,11,,,,,,
2025p836508,2025-11-06T12:11:36Z,-33.96,27.3,178.8,42.2,252.0,47.0,MLv,3.9,nan,5,3.9,0.3,5,,,,,,,,,
2025p836522,2025-11-06T12:18:56Z,-41.39,3.8,174.67,2.8,12.0,6.0,MLv,1.3,nan,6,1.3,0.3,6,1.4,0.3,9,,,,,,
2025p836623,2025-11-06T13:13:13Z,-37.48,8.0,177.28,5.1,5.0,0.0,MLv,1.9,nan,6,1.9,0.1,6,2.0,0.2,7,,,,,,
2025p836650,2025-11-06T13:27:14Z,-39.61,4.1,176.18,4.2,30.0,7.0,MLv,1.2,nan,4,1.2,0.5,4,1.4,0.3,8,,,,,,
2025p836675,2025-11-06T13:40:36Z,-41.25,4.7,174.81,3.8,36.0,7.0,MLv,1.4,nan,4,1.4,0.2,4,1.5,0.3,7,,,,,,
2025p836686,2025-11-06T13:46:41Z,-39.61,3.9,176.23,3.5,22.0,6.0,MLv,0.8,nan,4,0.8,0.5,4,1.2,0.5,9,,,,,,
2025p836708,2025-11-06T13:58:22Z,-37.69,8.5,176.53,6.8,149.0,10.0,MLv,2.6,nan,22,2.6,0.2,22,,,,,,,,,
2025p836736,2025-11-06T14:12:58Z,-41.4,3.1,175.41,2.3,14.0,6.0,MLv,1.9,nan,10,1.9,0.3,10,1.9,0.2,10,,,,,,
2025p836742,2025-11-06T14:16:39Z,-45.13,7.3,167.35,11.8,105.0,9.0,MLv,1.8,nan,1,1.8,nan,1,,,,,,,,,
2025p836821,2025-11-06T14:58:28Z,-37.65,4.9,176.92,3.1,5.0,0.0,MLv,2.3,nan,19,2.3,0.2,19,2.3,0.2,18,,,,,,
2025p836838,2025-11-06T15:07:36Z,-44.5,4.8,168.14,4.5,5.0,0.0,MLv,1.4,nan,1,1.4,nan,1,2.3,0.2,8,,,,,,
2025p836859,2025-11-06T15:18:59Z,-43.99,4.2,169.52,3.5,5.0,0.0,MLv,1.7,nan,5,1.7,0.2,5,1.8,0.3,8,,,,,,
2025p836861,2025-11-06T15:19:53Z,-43.99,3.7,169.5,2.8,5.0,0.0,MLv,1.5,nan,3,1.5,0.1,3,1.7,0.3,7,,,,,,
2025p836867,2025-11-06T15:22:58Z,-38.52,13.1,175.88,12.8,131.0,18.0,MLv,2.3,nan,10,2.3,0.6,10,,,,,,,,,
2025p836902,2025-11-06T15:41:39Z,-38.87,4.3,176.51,3.8,48.0,9.0,MLv,1.9,nan,11,1.9,0.3,11,1.8,0.4,11,,,,,,
2025p836912,2025-11-06T15:47:09Z,-39.9,3.4,174.73,3.9,33.0,6.0,MLv,1.8,nan,4,1.8,0.2,4,1.9,0.2,13,,,,,,
2025p837116,2025-11-06T17:35:58Z,-37.84,4.2,177.05,2.8,4.0,4.0,MLv,1.9,nan,6,1.9,0.2,6,1.8,0.2,10,,,,,,
2025p837152,2025-11-06T17:54:42Z,-38.97,6.3,177.83,7.4,22.0,7.0,MLv,1.6,nan,3,1.6,0.1,3,1.6,0.3,6,,,,,,
2025p837176,2025-11-06T18:07:25Z,-41.22,5.0,173.24,3.6,88.0,7.0,MLv,2.2,nan,6,2.2,0.3,6,,,,,,,,,
2025p837193,2025-11-06T18:16:38Z,-44.57,2.6,170.04,2.7,5.0,0.0,MLv,1.8,nan,3,1.8,0.3,3,2.0,0.2,10,,,,,,
2025p837355,2025-11-06T19:43:04Z,-39.81,3.4,176.79,4.3,27.0,7.0,MLv,1.7,nan,7,1.7,0.2,7,,,,,,,,,
2025p837398,2025-11-06T20:05:44Z,-37.68,5.5,176.39,5.4,193.0,5.0,MLv,,,,3.4,0.4,49,2.0,0.7,2,,,,,,
2025p837744,2025-11-06T23:09:09Z,-33.69,8.2,-179.05,15.6,33.0,0.0,MLv,,,,4.4,0.2,9,4.2,0.2,12,4.0,0.4,5,4.8,0.1,5
2025p837824,2025-11-06T23:53:01Z,-39.23,3.9,174.88,2.2,20.0,5.0,MLv,,,,2.1,0.1,19,2.2,0.2,8,,,,,,
2025p837850,2025-11-07T00:06:40Z,-39.37,5.0,175.81,4.0,9.0,10.0,MLv,0.9,nan,3,0.9,0.3,3,,,,,,,,,
2025p837886,2025-11-07T00:26:10Z,-41.37,3.7,174.56,1.9,18.0,4.0,MLv,1.5,nan,7,1.5,0.3,7,1.6,0.3,12,,,,,,
2025p837942,2025-11-07T00:55:57Z,-41.95,7.1,174.18,7.0,40.0,9.0,MLv,2.0,nan,3,2.0,0.2,3,1.7,0.3,9,,,,,,
2025p837958,2025-11-07T01:03:30Z,-35.0,39.4,178.86,47.6,254.0,55.0,MLv,3.4,nan,6,3.4,0.3,6,3.1,0.2,3,,,,,,
2025p838034,2025-11-07T01:44:42Z,-38.04,6.5,176.25,6.1,140.0,10.0,MLv,2.6,nan,23,2.6,0.3,23,,,,,,,,,
2025p838214,2025-11-07T03:20:50Z,-39.58,4.7,176.94,4.6,20.0,9.0,MLv,1.8,nan,5,1.8,0.2,5,1.6,0.2,7,,,,,,
2025p838234,2025-11-07T03:30:55Z,-34.76,44.3,179.76,74.1,170.0,95.0,MLv,3.5,nan,3,3.5,0.1,3,3.4,0.1,2,,,,,,
2025p838299,2025-11-07T04:07:14Z,-39.25,9.7,174.93,6.6,19.0,9.0,MLv,1.4,nan,2,1.4,0.0,2,1.5,0.2,8,,,,,,
2025p838340,2025-11-07T04:27:57Z,-37.35,13.4,-179.87,8.4,33.0,0.0,MLv,3.0,nan,14,3.0,0.1,14,3.0,0.1,8,,,,,,
2025p838362,2025-11-07T04:39:43Z,-40.51,3.1,176.21,3.2,20.0,6.0,MLv,1.3,nan,7,1.3,0.2,7,1.4,0.2,8,,,,,,
2025p838381,2025-11-07T04:50:37Z,-40.01,4.2,176.29,5.8,54.0,9.0,M,2.1,nan,13,2.1,0.4,13,2.0,0.3,13,,,,,,
2025p838412,2025-11-07T05:06:15Z,-38.05,3.8,175.84,2.8,5.0,0.0,MLv,2.2,nan,7,2.2,0.2,6,2.0,0.2,9,,,,,,
2025p838418,2025-11-07T05:09:31Z,-39.64,2.8,176.48,3.1,23.0,6.0,MLv,1.9,nan,19,1.9,0.2,19,1.8,0.4,11,,,,,,
2025p838445,2025-11-07T05:23:59Z,-41.94,3.2,174.04,4.7,5.0,0.0,MLv,1.9,nan,2,1.9,0.0,2,1.9,0.1,7,,,,,,
2025p838503,2025-11-07T05:54:26Z,-38.78,4.3,177.36,4.2,35.0,10.0,MLv,1.3,nan,5,1.3,0.2,5,1.5,0.2,8,,,,,,
2025p838523,2025-11-07T06:05:30Z,-40.94,9.9,172.84,5.7,188.0,8.0,MLv,2.3,nan,7,2.3,0.3,7,,,,,,,,,
2025p838599,2025-11-07T06:45:50Z,-38.05,2.4,175.84,2.3,5.0,0.0,MLv,,,,2.9,0.2,57,3.1,0.2,15,,,,,,
2025p838685,2025-11-07T07:31:42Z,-38.41,9.5,175.77,11.7,139.0,15.0,MLv,2.1,nan,7,2.1,0.4,7,,,,,,,,,
2025p838809,2025-11-07T08:37:40Z,-39.51,3.2,175.69,3.1,10.0,8.0,MLv,1.1,nan,3,1.1,0.2,3,1.1,0.2,11,,,,,,
2025p838813,2025-11-07T08:40:04Z,-39.95,2.7,176.82,3.4,20.0,5.0,MLv,1.5,nan,10,1.5,0.2,10,1.6,0.2,8,,,,,,
2025p838820,2025-11-07T08:43:20Z,-38.05,2.7,175.84,2.2,5.0,0.0,MLv,,,,3.4,0.2,101,3.7,0.2,16,,,,,,
2025p838826,2025-11-07T08:46:35Z,-38.05,3.2,175.83,3.1,5.0,0.0,MLv,1.9,nan,7,1.9,0.2,7,1.9,0.2,8,,,,,,
